<?xml version="1.0" encoding="UTF-8"?>
<project-private xmlns="http://www.netbeans.org/ns/project-private/1">
    <editor-bookmarks xmlns="http://www.netbeans.org/ns/editor-bookmarks/2" lastBookmarkId="0"/>
    <open-files xmlns="http://www.netbeans.org/ns/projectui-open-files/2">
        <group>
            <file>file:/D:/Users/Rafika/Documents/NetBeansProjects/Aurum/src/TambahPelanggan.java</file>
            <file>file:/D:/Users/Rafika/Documents/NetBeansProjects/Aurum/src/CariPelanggan.java</file>
            <file>file:/D:/Users/Rafika/Documents/NetBeansProjects/Aurum/src/PesanTiket.java</file>
            <file>file:/D:/Users/Rafika/Documents/NetBeansProjects/Aurum/src/TambahPenerbangan.java</file>
            <file>file:/D:/Users/Rafika/Documents/NetBeansProjects/Aurum/src/HalamanUtama.java</file>
            <file>file:/D:/Users/Rafika/Documents/NetBeansProjects/Aurum/src/DataTiket.java</file>
            <file>file:/D:/Users/Rafika/Documents/NetBeansProjects/Aurum/src/Login.java</file>
            <file>file:/D:/Users/Rafika/Documents/NetBeansProjects/Aurum/src/BuatAkunAdmin.java</file>
        </group>
    </open-files>
</project-private>
